variable,forecast_domain,reference_date,forecast_date,naive_2.5,naive_50,naive_97.5
msl,alaska,2004-10-06,2004-10-07,704.319,1012.977,1434.184
msl,alaska,2004-10-06,2004-10-08,1011.98,1338.204,1728.834
msl,alaska,2004-10-06,2004-10-09,995.761,1422.195,1917.0
msl,alaska,2004-10-06,2004-10-10,928.074,1308.083,1752.928
msl,alaska,2004-10-06,2004-10-11,935.454,1334.202,1756.82
msl,alaska,2004-10-06,2004-10-12,940.758,1347.524,1745.88
msl,alaska,2004-10-06,2004-10-13,685.82,925.179,1251.785
msl,alaska,2004-10-06,2004-10-14,890.867,1344.394,1947.688
msl,alaska,2004-10-06,2004-10-15,972.87,1351.761,1853.047
msl,alaska,2004-10-06,2004-10-16,754.199,1098.095,1528.67
msl,alaska,2004-10-06,2004-10-17,738.645,994.036,1354.63
msl,alaska,2004-10-06,2004-10-18,903.155,1174.854,1476.765
msl,alaska,2004-10-06,2004-10-19,1498.092,1837.171,2192.784
msl,alaska,2004-10-06,2004-10-20,1008.054,1383.957,1823.592
msl,alaska,2004-10-08,2004-10-09,951.003,1398.141,1912.03
msl,alaska,2004-10-08,2004-10-10,916.298,1294.522,1781.744
msl,alaska,2004-10-08,2004-10-11,930.049,1320.691,1727.359
msl,alaska,2004-10-08,2004-10-12,934.832,1329.033,1722.347
msl,alaska,2004-10-08,2004-10-13,660.67,918.689,1272.449
msl,alaska,2004-10-08,2004-10-14,904.426,1359.759,1855.367
msl,alaska,2004-10-08,2004-10-15,942.313,1351.014,1835.249
msl,alaska,2004-10-08,2004-10-16,762.548,1113.592,1537.593
msl,alaska,2004-10-08,2004-10-17,759.313,990.379,1377.069
msl,alaska,2004-10-08,2004-10-18,907.1,1172.165,1455.709
msl,alaska,2004-10-08,2004-10-19,1505.275,1845.927,2191.248
msl,alaska,2004-10-08,2004-10-20,1034.067,1388.872,1800.874
msl,alaska,2004-10-08,2004-10-21,916.518,1302.481,1734.063
msl,alaska,2004-10-08,2004-10-22,953.868,1330.224,1755.574
msl,alaska,2011-11-04,2011-11-05,737.019,1042.601,1471.216
msl,alaska,2011-11-04,2011-11-06,704.746,1098.474,1589.369
msl,alaska,2011-11-04,2011-11-07,652.63,1035.718,1488.054
msl,alaska,2011-11-04,2011-11-08,837.311,1220.185,1717.384
msl,alaska,2011-11-04,2011-11-09,1360.209,1710.3,2030.31
msl,alaska,2011-11-04,2011-11-10,1212.284,1637.491,2172.661
msl,alaska,2011-11-04,2011-11-11,856.9,1152.398,1595.221
msl,alaska,2011-11-04,2011-11-12,1392.93,1841.341,2473.175
msl,alaska,2011-11-04,2011-11-13,1047.892,1464.684,1956.191
msl,alaska,2011-11-04,2011-11-14,721.608,1127.621,1599.494
msl,alaska,2011-11-04,2011-11-15,842.204,1330.14,1950.604
msl,alaska,2011-11-04,2011-11-16,1322.496,1840.834,2422.372
msl,alaska,2011-11-04,2011-11-17,1426.298,1967.244,2519.309
msl,alaska,2011-11-04,2011-11-18,1126.337,1723.832,2332.695
msl,alaska,2011-11-06,2011-11-07,643.448,1024.049,1478.136
msl,alaska,2011-11-06,2011-11-08,806.798,1227.03,1768.923
msl,alaska,2011-11-06,2011-11-09,1364.236,1713.446,2055.613
msl,alaska,2011-11-06,2011-11-10,1198.887,1628.156,2118.296
msl,alaska,2011-11-06,2011-11-11,851.936,1153.05,1588.929
msl,alaska,2011-11-06,2011-11-12,1312.138,1837.226,2444.452
msl,alaska,2011-11-06,2011-11-13,1011.867,1460.536,1945.656
msl,alaska,2011-11-06,2011-11-14,724.659,1127.932,1617.079
msl,alaska,2011-11-06,2011-11-15,852.092,1365.194,1954.291
msl,alaska,2011-11-06,2011-11-16,1314.357,1869.922,2427.817
msl,alaska,2011-11-06,2011-11-17,1439.922,1984.509,2570.04
msl,alaska,2011-11-06,2011-11-18,1143.014,1735.617,2352.715
msl,alaska,2011-11-06,2011-11-19,944.748,1431.533,2032.524
msl,alaska,2011-11-06,2011-11-20,661.4,902.731,1356.403
msl,north_pacific,2004-10-06,2004-10-07,607.56,775.539,972.531
msl,north_pacific,2004-10-06,2004-10-08,702.415,889.069,1100.408
msl,north_pacific,2004-10-06,2004-10-09,657.685,871.542,1085.845
msl,north_pacific,2004-10-06,2004-10-10,681.851,898.527,1137.896
msl,north_pacific,2004-10-06,2004-10-11,666.868,911.417,1176.017
msl,north_pacific,2004-10-06,2004-10-12,652.785,882.842,1132.798
msl,north_pacific,2004-10-06,2004-10-13,689.066,858.314,1061.426
msl,north_pacific,2004-10-06,2004-10-14,957.854,1175.459,1394.505
msl,north_pacific,2004-10-06,2004-10-15,850.375,1048.573,1252.431
msl,north_pacific,2004-10-06,2004-10-16,755.925,930.861,1139.415
msl,north_pacific,2004-10-06,2004-10-17,764.598,941.7,1149.943
msl,north_pacific,2004-10-06,2004-10-18,733.563,904.7,1115.635
msl,north_pacific,2004-10-06,2004-10-19,919.008,1097.961,1317.297
msl,north_pacific,2004-10-06,2004-10-20,720.281,881.698,1099.666
msl,north_pacific,2004-10-08,2004-10-09,657.059,857.849,1101.585
msl,north_pacific,2004-10-08,2004-10-10,673.861,891.582,1132.878
msl,north_pacific,2004-10-08,2004-10-11,670.475,905.866,1198.743
msl,north_pacific,2004-10-08,2004-10-12,645.463,873.573,1158.551
msl,north_pacific,2004-10-08,2004-10-13,680.137,853.899,1047.398
msl,north_pacific,2004-10-08,2004-10-14,953.795,1173.333,1396.714
msl,north_pacific,2004-10-08,2004-10-15,847.039,1053.431,1269.62
msl,north_pacific,2004-10-08,2004-10-16,745.485,930.736,1138.797
msl,north_pacific,2004-10-08,2004-10-17,774.876,941.271,1152.466
msl,north_pacific,2004-10-08,2004-10-18,737.794,907.277,1107.433
msl,north_pacific,2004-10-08,2004-10-19,929.967,1096.006,1310.757
msl,north_pacific,2004-10-08,2004-10-20,737.099,879.044,1076.306
msl,north_pacific,2004-10-08,2004-10-21,646.206,785.821,984.774
msl,north_pacific,2004-10-08,2004-10-22,663.968,820.394,1006.364
msl,north_pacific,2011-11-04,2011-11-05,625.343,889.942,1211.472
msl,north_pacific,2011-11-04,2011-11-06,728.833,1019.192,1334.049
msl,north_pacific,2011-11-04,2011-11-07,736.03,980.082,1252.556
msl,north_pacific,2011-11-04,2011-11-08,796.427,1013.326,1228.7
msl,north_pacific,2011-11-04,2011-11-09,997.634,1225.51,1452.273
msl,north_pacific,2011-11-04,2011-11-10,873.956,1108.451,1379.95
msl,north_pacific,2011-11-04,2011-11-11,737.654,909.375,1134.927
msl,north_pacific,2011-11-04,2011-11-12,798.398,1009.004,1256.919
msl,north_pacific,2011-11-04,2011-11-13,688.43,884.871,1143.393
msl,north_pacific,2011-11-04,2011-11-14,589.715,791.556,998.998
msl,north_pacific,2011-11-04,2011-11-15,668.874,891.943,1117.765
msl,north_pacific,2011-11-04,2011-11-16,825.492,1044.466,1271.14
msl,north_pacific,2011-11-04,2011-11-17,856.15,1081.461,1318.413
msl,north_pacific,2011-11-04,2011-11-18,761.344,981.785,1244.854
msl,north_pacific,2011-11-06,2011-11-07,727.881,970.198,1257.165
msl,north_pacific,2011-11-06,2011-11-08,785.235,1003.576,1237.988
msl,north_pacific,2011-11-06,2011-11-09,1004.044,1219.314,1467.71
msl,north_pacific,2011-11-06,2011-11-10,858.838,1093.002,1395.464
msl,north_pacific,2011-11-06,2011-11-11,741.074,911.987,1133.943
msl,north_pacific,2011-11-06,2011-11-12,804.438,1000.056,1265.578
msl,north_pacific,2011-11-06,2011-11-13,674.998,880.364,1162.605
msl,north_pacific,2011-11-06,2011-11-14,584.269,782.496,1025.353
msl,north_pacific,2011-11-06,2011-11-15,668.825,878.141,1134.95
msl,north_pacific,2011-11-06,2011-11-16,820.911,1034.854,1289.646
msl,north_pacific,2011-11-06,2011-11-17,858.526,1071.275,1316.407
msl,north_pacific,2011-11-06,2011-11-18,758.652,967.754,1230.729
msl,north_pacific,2011-11-06,2011-11-19,734.063,924.709,1194.654
msl,north_pacific,2011-11-06,2011-11-20,607.99,769.162,1006.553
msl,northern_hs,2004-10-06,2004-10-07,668.167,784.116,934.489
msl,northern_hs,2004-10-06,2004-10-08,671.285,800.508,970.415
msl,northern_hs,2004-10-06,2004-10-09,658.876,785.476,939.799
msl,northern_hs,2004-10-06,2004-10-10,658.04,791.48,970.242
msl,northern_hs,2004-10-06,2004-10-11,689.494,812.348,981.717
msl,northern_hs,2004-10-06,2004-10-12,712.375,839.687,987.768
msl,northern_hs,2004-10-06,2004-10-13,755.294,873.645,1011.477
msl,northern_hs,2004-10-06,2004-10-14,835.046,978.85,1167.341
msl,northern_hs,2004-10-06,2004-10-15,818.002,943.867,1112.825
msl,northern_hs,2004-10-06,2004-10-16,785.94,901.437,1042.041
msl,northern_hs,2004-10-06,2004-10-17,837.162,968.845,1122.938
msl,northern_hs,2004-10-06,2004-10-18,841.75,981.34,1138.799
msl,northern_hs,2004-10-06,2004-10-19,855.663,979.16,1120.629
msl,northern_hs,2004-10-06,2004-10-20,719.192,820.237,959.446
msl,northern_hs,2004-10-08,2004-10-09,668.19,784.113,938.7
msl,northern_hs,2004-10-08,2004-10-10,661.062,792.944,961.277
msl,northern_hs,2004-10-08,2004-10-11,698.137,815.466,952.771
msl,northern_hs,2004-10-08,2004-10-12,713.248,834.475,963.339
msl,northern_hs,2004-10-08,2004-10-13,752.064,866.141,999.427
msl,northern_hs,2004-10-08,2004-10-14,834.821,977.887,1150.423
msl,northern_hs,2004-10-08,2004-10-15,819.053,944.393,1107.223
msl,northern_hs,2004-10-08,2004-10-16,779.582,907.169,1042.383
msl,northern_hs,2004-10-08,2004-10-17,843.56,976.497,1123.05
msl,northern_hs,2004-10-08,2004-10-18,847.119,983.634,1149.889
msl,northern_hs,2004-10-08,2004-10-19,852.174,978.0,1122.964
msl,northern_hs,2004-10-08,2004-10-20,712.449,823.97,962.462
msl,northern_hs,2004-10-08,2004-10-21,687.975,793.278,920.796
msl,northern_hs,2004-10-08,2004-10-22,674.833,794.526,925.064
msl,northern_hs,2011-11-04,2011-11-05,790.207,953.129,1154.356
msl,northern_hs,2011-11-04,2011-11-06,818.975,991.298,1224.177
msl,northern_hs,2011-11-04,2011-11-07,781.98,927.132,1110.207
msl,northern_hs,2011-11-04,2011-11-08,764.63,890.258,1040.845
msl,northern_hs,2011-11-04,2011-11-09,827.759,950.321,1090.369
msl,northern_hs,2011-11-04,2011-11-10,818.561,958.447,1129.39
msl,northern_hs,2011-11-04,2011-11-11,804.998,944.285,1096.436
msl,northern_hs,2011-11-04,2011-11-12,852.786,989.345,1148.198
msl,northern_hs,2011-11-04,2011-11-13,870.552,1016.584,1208.592
msl,northern_hs,2011-11-04,2011-11-14,801.151,946.477,1112.309
msl,northern_hs,2011-11-04,2011-11-15,720.783,856.062,1009.716
msl,northern_hs,2011-11-04,2011-11-16,721.197,859.023,996.043
msl,northern_hs,2011-11-04,2011-11-17,773.222,900.904,1055.489
msl,northern_hs,2011-11-04,2011-11-18,713.465,851.549,1008.928
msl,northern_hs,2011-11-06,2011-11-07,795.953,929.523,1121.475
msl,northern_hs,2011-11-06,2011-11-08,768.706,891.471,1036.304
msl,northern_hs,2011-11-06,2011-11-09,823.308,952.542,1098.814
msl,northern_hs,2011-11-06,2011-11-10,817.032,958.131,1131.703
msl,northern_hs,2011-11-06,2011-11-11,804.555,940.325,1111.158
msl,northern_hs,2011-11-06,2011-11-12,844.95,987.351,1141.998
msl,northern_hs,2011-11-06,2011-11-13,866.275,1020.095,1205.602
msl,northern_hs,2011-11-06,2011-11-14,802.529,953.004,1121.634
msl,northern_hs,2011-11-06,2011-11-15,718.254,859.926,1009.491
msl,northern_hs,2011-11-06,2011-11-16,726.084,853.586,995.66
msl,northern_hs,2011-11-06,2011-11-17,772.992,896.454,1048.999
msl,northern_hs,2011-11-06,2011-11-18,719.725,852.122,1011.964
msl,northern_hs,2011-11-06,2011-11-19,761.046,895.835,1061.994
msl,northern_hs,2011-11-06,2011-11-20,763.512,907.487,1069.871
msl,panarctic,2004-10-06,2004-10-07,801.439,1016.293,1290.245
msl,panarctic,2004-10-06,2004-10-08,832.855,1063.934,1368.203
msl,panarctic,2004-10-06,2004-10-09,875.304,1082.723,1378.151
msl,panarctic,2004-10-06,2004-10-10,841.647,1064.868,1402.408
msl,panarctic,2004-10-06,2004-10-11,850.759,1056.598,1371.957
msl,panarctic,2004-10-06,2004-10-12,907.384,1094.058,1338.96
msl,panarctic,2004-10-06,2004-10-13,936.454,1140.694,1377.767
msl,panarctic,2004-10-06,2004-10-14,1080.066,1326.579,1623.429
msl,panarctic,2004-10-06,2004-10-15,1049.227,1271.923,1545.211
msl,panarctic,2004-10-06,2004-10-16,964.432,1164.351,1426.632
msl,panarctic,2004-10-06,2004-10-17,1077.687,1305.408,1574.194
msl,panarctic,2004-10-06,2004-10-18,1080.523,1315.16,1596.765
msl,panarctic,2004-10-06,2004-10-19,1121.959,1322.504,1564.018
msl,panarctic,2004-10-06,2004-10-20,904.347,1070.61,1294.166
msl,panarctic,2004-10-08,2004-10-09,864.117,1077.865,1350.436
msl,panarctic,2004-10-08,2004-10-10,848.2,1066.273,1390.591
msl,panarctic,2004-10-08,2004-10-11,857.571,1065.187,1336.544
msl,panarctic,2004-10-08,2004-10-12,911.009,1105.116,1337.752
msl,panarctic,2004-10-08,2004-10-13,933.879,1137.821,1395.61
msl,panarctic,2004-10-08,2004-10-14,1059.346,1315.579,1650.832
msl,panarctic,2004-10-08,2004-10-15,1055.983,1263.847,1569.365
msl,panarctic,2004-10-08,2004-10-16,968.216,1171.191,1410.43
msl,panarctic,2004-10-08,2004-10-17,1076.131,1306.683,1575.105
msl,panarctic,2004-10-08,2004-10-18,1099.094,1315.349,1588.667
msl,panarctic,2004-10-08,2004-10-19,1126.442,1324.215,1576.272
msl,panarctic,2004-10-08,2004-10-20,877.275,1069.571,1277.76
msl,panarctic,2004-10-08,2004-10-21,829.969,1012.099,1217.153
msl,panarctic,2004-10-08,2004-10-22,785.986,984.929,1249.303
msl,panarctic,2011-11-04,2011-11-05,1023.868,1298.945,1647.837
msl,panarctic,2011-11-04,2011-11-06,1117.904,1403.824,1736.812
msl,panarctic,2011-11-04,2011-11-07,1016.022,1237.518,1550.422
msl,panarctic,2011-11-04,2011-11-08,956.99,1177.531,1445.828
msl,panarctic,2011-11-04,2011-11-09,1064.258,1282.438,1511.382
msl,panarctic,2011-11-04,2011-11-10,1067.555,1316.546,1580.1
msl,panarctic,2011-11-04,2011-11-11,1023.335,1271.826,1545.277
msl,panarctic,2011-11-04,2011-11-12,1102.742,1317.248,1545.84
msl,panarctic,2011-11-04,2011-11-13,1080.064,1319.773,1599.044
msl,panarctic,2011-11-04,2011-11-14,1024.11,1246.148,1489.281
msl,panarctic,2011-11-04,2011-11-15,900.994,1133.074,1371.06
msl,panarctic,2011-11-04,2011-11-16,890.586,1131.15,1375.271
msl,panarctic,2011-11-04,2011-11-17,940.65,1181.615,1459.271
msl,panarctic,2011-11-04,2011-11-18,862.207,1086.313,1357.592
msl,panarctic,2011-11-06,2011-11-07,1009.071,1243.94,1593.954
msl,panarctic,2011-11-06,2011-11-08,973.363,1180.869,1440.625
msl,panarctic,2011-11-06,2011-11-09,1068.503,1285.502,1536.516
msl,panarctic,2011-11-06,2011-11-10,1077.996,1313.563,1608.489
msl,panarctic,2011-11-06,2011-11-11,1044.309,1264.636,1549.858
msl,panarctic,2011-11-06,2011-11-12,1096.099,1315.655,1571.147
msl,panarctic,2011-11-06,2011-11-13,1081.685,1323.513,1647.267
msl,panarctic,2011-11-06,2011-11-14,1012.254,1249.351,1527.424
msl,panarctic,2011-11-06,2011-11-15,922.464,1132.009,1392.407
msl,panarctic,2011-11-06,2011-11-16,911.868,1127.772,1367.413
msl,panarctic,2011-11-06,2011-11-17,975.59,1176.197,1443.281
msl,panarctic,2011-11-06,2011-11-18,861.352,1081.443,1361.035
msl,panarctic,2011-11-06,2011-11-19,947.918,1183.425,1475.227
msl,panarctic,2011-11-06,2011-11-20,967.268,1219.285,1505.823
sst,alaska,2004-10-06,2004-10-07,0.739,1.154,2.391
sst,alaska,2004-10-06,2004-10-08,0.73,1.117,2.332
sst,alaska,2004-10-06,2004-10-09,0.725,1.092,2.263
sst,alaska,2004-10-06,2004-10-10,0.735,1.085,2.232
sst,alaska,2004-10-06,2004-10-11,0.75,1.089,2.213
sst,alaska,2004-10-06,2004-10-12,0.773,1.1,2.214
sst,alaska,2004-10-06,2004-10-13,0.791,1.11,2.194
sst,alaska,2004-10-06,2004-10-14,0.795,1.128,2.23
sst,alaska,2004-10-06,2004-10-15,0.8,1.15,2.281
sst,alaska,2004-10-06,2004-10-16,0.804,1.159,2.296
sst,alaska,2004-10-06,2004-10-17,0.784,1.157,2.327
sst,alaska,2004-10-06,2004-10-18,0.812,1.119,2.182
sst,alaska,2004-10-06,2004-10-19,0.788,1.103,2.185
sst,alaska,2004-10-06,2004-10-20,0.764,1.088,2.191
sst,alaska,2004-10-08,2004-10-09,0.727,1.082,2.251
sst,alaska,2004-10-08,2004-10-10,0.73,1.079,2.217
sst,alaska,2004-10-08,2004-10-11,0.743,1.074,2.196
sst,alaska,2004-10-08,2004-10-12,0.762,1.093,2.19
sst,alaska,2004-10-08,2004-10-13,0.766,1.104,2.201
sst,alaska,2004-10-08,2004-10-14,0.784,1.121,2.234
sst,alaska,2004-10-08,2004-10-15,0.793,1.138,2.273
sst,alaska,2004-10-08,2004-10-16,0.783,1.143,2.329
sst,alaska,2004-10-08,2004-10-17,0.759,1.128,2.349
sst,alaska,2004-10-08,2004-10-18,0.802,1.103,2.187
sst,alaska,2004-10-08,2004-10-19,0.78,1.083,2.17
sst,alaska,2004-10-08,2004-10-20,0.759,1.063,2.19
sst,alaska,2004-10-08,2004-10-21,0.744,1.052,2.182
sst,alaska,2004-10-08,2004-10-22,0.718,1.027,2.155
sst,alaska,2011-11-04,2011-11-05,0.562,0.922,2.27
sst,alaska,2011-11-04,2011-11-06,0.55,0.89,2.189
sst,alaska,2011-11-04,2011-11-07,0.582,0.957,2.285
sst,alaska,2011-11-04,2011-11-08,0.565,0.922,2.231
sst,alaska,2011-11-04,2011-11-09,0.62,0.923,2.144
sst,alaska,2011-11-04,2011-11-10,0.651,0.971,2.196
sst,alaska,2011-11-04,2011-11-11,0.674,0.976,2.154
sst,alaska,2011-11-04,2011-11-12,0.609,0.899,2.057
sst,alaska,2011-11-04,2011-11-13,0.594,0.899,2.134
sst,alaska,2011-11-04,2011-11-14,0.603,0.927,2.146
sst,alaska,2011-11-04,2011-11-15,0.581,0.931,2.182
sst,alaska,2011-11-04,2011-11-16,0.551,0.893,2.117
sst,alaska,2011-11-04,2011-11-17,0.579,0.92,2.123
sst,alaska,2011-11-04,2011-11-18,0.601,0.97,2.177
sst,alaska,2011-11-06,2011-11-07,0.58,0.955,2.231
sst,alaska,2011-11-06,2011-11-08,0.567,0.927,2.171
sst,alaska,2011-11-06,2011-11-09,0.625,0.941,2.086
sst,alaska,2011-11-06,2011-11-10,0.652,0.981,2.138
sst,alaska,2011-11-06,2011-11-11,0.671,0.988,2.113
sst,alaska,2011-11-06,2011-11-12,0.613,0.912,2.014
sst,alaska,2011-11-06,2011-11-13,0.59,0.919,2.094
sst,alaska,2011-11-06,2011-11-14,0.602,0.934,2.121
sst,alaska,2011-11-06,2011-11-15,0.576,0.933,2.166
sst,alaska,2011-11-06,2011-11-16,0.549,0.896,2.096
sst,alaska,2011-11-06,2011-11-17,0.568,0.918,2.075
sst,alaska,2011-11-06,2011-11-18,0.597,0.96,2.106
sst,alaska,2011-11-06,2011-11-19,0.609,0.958,2.078
sst,alaska,2011-11-06,2011-11-20,0.58,0.921,1.969
sst,north_pacific,2004-10-06,2004-10-07,0.683,0.91,1.789
sst,north_pacific,2004-10-06,2004-10-08,0.682,0.897,1.762
sst,north_pacific,2004-10-06,2004-10-09,0.685,0.888,1.751
sst,north_pacific,2004-10-06,2004-10-10,0.681,0.883,1.744
sst,north_pacific,2004-10-06,2004-10-11,0.669,0.876,1.73
sst,north_pacific,2004-10-06,2004-10-12,0.664,0.872,1.721
sst,north_pacific,2004-10-06,2004-10-13,0.659,0.876,1.718
sst,north_pacific,2004-10-06,2004-10-14,0.664,0.885,1.722
sst,north_pacific,2004-10-06,2004-10-15,0.674,0.898,1.719
sst,north_pacific,2004-10-06,2004-10-16,0.687,0.905,1.717
sst,north_pacific,2004-10-06,2004-10-17,0.687,0.909,1.719
sst,north_pacific,2004-10-06,2004-10-18,0.697,0.917,1.662
sst,north_pacific,2004-10-06,2004-10-19,0.696,0.915,1.659
sst,north_pacific,2004-10-06,2004-10-20,0.696,0.913,1.645
sst,north_pacific,2004-10-08,2004-10-09,0.667,0.899,1.67
sst,north_pacific,2004-10-08,2004-10-10,0.667,0.893,1.657
sst,north_pacific,2004-10-08,2004-10-11,0.658,0.888,1.646
sst,north_pacific,2004-10-08,2004-10-12,0.657,0.883,1.639
sst,north_pacific,2004-10-08,2004-10-13,0.654,0.882,1.635
sst,north_pacific,2004-10-08,2004-10-14,0.66,0.887,1.651
sst,north_pacific,2004-10-08,2004-10-15,0.673,0.901,1.662
sst,north_pacific,2004-10-08,2004-10-16,0.681,0.909,1.671
sst,north_pacific,2004-10-08,2004-10-17,0.68,0.911,1.671
sst,north_pacific,2004-10-08,2004-10-18,0.702,0.92,1.621
sst,north_pacific,2004-10-08,2004-10-19,0.699,0.918,1.625
sst,north_pacific,2004-10-08,2004-10-20,0.7,0.917,1.611
sst,north_pacific,2004-10-08,2004-10-21,0.696,0.916,1.612
sst,north_pacific,2004-10-08,2004-10-22,0.691,0.908,1.604
sst,north_pacific,2011-11-04,2011-11-05,0.652,0.903,1.628
sst,north_pacific,2011-11-04,2011-11-06,0.645,0.89,1.617
sst,north_pacific,2011-11-04,2011-11-07,0.691,0.931,1.636
sst,north_pacific,2011-11-04,2011-11-08,0.675,0.917,1.618
sst,north_pacific,2011-11-04,2011-11-09,0.719,0.964,1.638
sst,north_pacific,2011-11-04,2011-11-10,0.715,0.958,1.647
sst,north_pacific,2011-11-04,2011-11-11,0.687,0.939,1.624
sst,north_pacific,2011-11-04,2011-11-12,0.668,0.923,1.605
sst,north_pacific,2011-11-04,2011-11-13,0.716,0.971,1.641
sst,north_pacific,2011-11-04,2011-11-14,0.705,0.959,1.623
sst,north_pacific,2011-11-04,2011-11-15,0.689,0.955,1.617
sst,north_pacific,2011-11-04,2011-11-16,0.699,0.952,1.625
sst,north_pacific,2011-11-04,2011-11-17,0.697,0.949,1.596
sst,north_pacific,2011-11-04,2011-11-18,0.693,0.943,1.597
sst,north_pacific,2011-11-06,2011-11-07,0.685,0.939,1.564
sst,north_pacific,2011-11-06,2011-11-08,0.671,0.925,1.551
sst,north_pacific,2011-11-06,2011-11-09,0.717,0.968,1.574
sst,north_pacific,2011-11-06,2011-11-10,0.718,0.966,1.566
sst,north_pacific,2011-11-06,2011-11-11,0.703,0.949,1.556
sst,north_pacific,2011-11-06,2011-11-12,0.684,0.929,1.539
sst,north_pacific,2011-11-06,2011-11-13,0.733,0.98,1.552
sst,north_pacific,2011-11-06,2011-11-14,0.719,0.969,1.551
sst,north_pacific,2011-11-06,2011-11-15,0.713,0.963,1.542
sst,north_pacific,2011-11-06,2011-11-16,0.705,0.958,1.552
sst,north_pacific,2011-11-06,2011-11-17,0.711,0.956,1.547
sst,north_pacific,2011-11-06,2011-11-18,0.705,0.951,1.525
sst,north_pacific,2011-11-06,2011-11-19,0.704,0.947,1.528
sst,north_pacific,2011-11-06,2011-11-20,0.707,0.947,1.522
sst,northern_hs,2004-10-06,2004-10-07,0.664,0.845,1.527
sst,northern_hs,2004-10-06,2004-10-08,0.657,0.834,1.512
sst,northern_hs,2004-10-06,2004-10-09,0.658,0.831,1.527
sst,northern_hs,2004-10-06,2004-10-10,0.655,0.827,1.529
sst,northern_hs,2004-10-06,2004-10-11,0.652,0.824,1.518
sst,northern_hs,2004-10-06,2004-10-12,0.65,0.823,1.518
sst,northern_hs,2004-10-06,2004-10-13,0.656,0.828,1.523
sst,northern_hs,2004-10-06,2004-10-14,0.664,0.839,1.521
sst,northern_hs,2004-10-06,2004-10-15,0.674,0.851,1.52
sst,northern_hs,2004-10-06,2004-10-16,0.682,0.859,1.528
sst,northern_hs,2004-10-06,2004-10-17,0.681,0.859,1.519
sst,northern_hs,2004-10-06,2004-10-18,0.696,0.872,1.517
sst,northern_hs,2004-10-06,2004-10-19,0.693,0.867,1.52
sst,northern_hs,2004-10-06,2004-10-20,0.691,0.867,1.527
sst,northern_hs,2004-10-08,2004-10-09,0.651,0.83,1.516
sst,northern_hs,2004-10-08,2004-10-10,0.645,0.829,1.499
sst,northern_hs,2004-10-08,2004-10-11,0.644,0.826,1.487
sst,northern_hs,2004-10-08,2004-10-12,0.643,0.827,1.501
sst,northern_hs,2004-10-08,2004-10-13,0.645,0.83,1.502
sst,northern_hs,2004-10-08,2004-10-14,0.653,0.839,1.502
sst,northern_hs,2004-10-08,2004-10-15,0.66,0.848,1.506
sst,northern_hs,2004-10-08,2004-10-16,0.667,0.854,1.508
sst,northern_hs,2004-10-08,2004-10-17,0.663,0.854,1.506
sst,northern_hs,2004-10-08,2004-10-18,0.688,0.872,1.492
sst,northern_hs,2004-10-08,2004-10-19,0.685,0.87,1.498
sst,northern_hs,2004-10-08,2004-10-20,0.682,0.868,1.504
sst,northern_hs,2004-10-08,2004-10-21,0.684,0.87,1.507
sst,northern_hs,2004-10-08,2004-10-22,0.678,0.867,1.498
sst,northern_hs,2011-11-04,2011-11-05,0.658,0.849,1.477
sst,northern_hs,2011-11-04,2011-11-06,0.657,0.849,1.471
sst,northern_hs,2011-11-04,2011-11-07,0.677,0.864,1.49
sst,northern_hs,2011-11-04,2011-11-08,0.674,0.864,1.465
sst,northern_hs,2011-11-04,2011-11-09,0.704,0.895,1.482
sst,northern_hs,2011-11-04,2011-11-10,0.704,0.886,1.476
sst,northern_hs,2011-11-04,2011-11-11,0.687,0.873,1.467
sst,northern_hs,2011-11-04,2011-11-12,0.674,0.86,1.463
sst,northern_hs,2011-11-04,2011-11-13,0.709,0.891,1.475
sst,northern_hs,2011-11-04,2011-11-14,0.703,0.884,1.467
sst,northern_hs,2011-11-04,2011-11-15,0.698,0.879,1.472
sst,northern_hs,2011-11-04,2011-11-16,0.692,0.872,1.441
sst,northern_hs,2011-11-04,2011-11-17,0.687,0.87,1.45
sst,northern_hs,2011-11-04,2011-11-18,0.672,0.858,1.443
sst,northern_hs,2011-11-06,2011-11-07,0.681,0.872,1.501
sst,northern_hs,2011-11-06,2011-11-08,0.68,0.872,1.491
sst,northern_hs,2011-11-06,2011-11-09,0.706,0.901,1.506
sst,northern_hs,2011-11-06,2011-11-10,0.7,0.894,1.501
sst,northern_hs,2011-11-06,2011-11-11,0.691,0.881,1.484
sst,northern_hs,2011-11-06,2011-11-12,0.675,0.869,1.469
sst,northern_hs,2011-11-06,2011-11-13,0.71,0.898,1.482
sst,northern_hs,2011-11-06,2011-11-14,0.704,0.89,1.479
sst,northern_hs,2011-11-06,2011-11-15,0.703,0.886,1.471
sst,northern_hs,2011-11-06,2011-11-16,0.697,0.881,1.463
sst,northern_hs,2011-11-06,2011-11-17,0.698,0.876,1.454
sst,northern_hs,2011-11-06,2011-11-18,0.685,0.864,1.436
sst,northern_hs,2011-11-06,2011-11-19,0.682,0.862,1.439
sst,northern_hs,2011-11-06,2011-11-20,0.691,0.869,1.434
sst,panarctic,2004-10-06,2004-10-07,0.64,0.839,1.42
sst,panarctic,2004-10-06,2004-10-08,0.624,0.818,1.424
sst,panarctic,2004-10-06,2004-10-09,0.606,0.799,1.401
sst,panarctic,2004-10-06,2004-10-10,0.602,0.788,1.372
sst,panarctic,2004-10-06,2004-10-11,0.592,0.78,1.361
sst,panarctic,2004-10-06,2004-10-12,0.589,0.774,1.366
sst,panarctic,2004-10-06,2004-10-13,0.59,0.778,1.35
sst,panarctic,2004-10-06,2004-10-14,0.593,0.781,1.356
sst,panarctic,2004-10-06,2004-10-15,0.594,0.786,1.353
sst,panarctic,2004-10-06,2004-10-16,0.592,0.786,1.343
sst,panarctic,2004-10-06,2004-10-17,0.594,0.784,1.348
sst,panarctic,2004-10-06,2004-10-18,0.621,0.791,1.356
sst,panarctic,2004-10-06,2004-10-19,0.608,0.779,1.333
sst,panarctic,2004-10-06,2004-10-20,0.6,0.768,1.314
sst,panarctic,2004-10-08,2004-10-09,0.604,0.8,1.344
sst,panarctic,2004-10-08,2004-10-10,0.591,0.788,1.356
sst,panarctic,2004-10-08,2004-10-11,0.585,0.78,1.334
sst,panarctic,2004-10-08,2004-10-12,0.582,0.779,1.329
sst,panarctic,2004-10-08,2004-10-13,0.579,0.782,1.321
sst,panarctic,2004-10-08,2004-10-14,0.584,0.782,1.325
sst,panarctic,2004-10-08,2004-10-15,0.586,0.783,1.31
sst,panarctic,2004-10-08,2004-10-16,0.592,0.785,1.303
sst,panarctic,2004-10-08,2004-10-17,0.597,0.79,1.29
sst,panarctic,2004-10-08,2004-10-18,0.623,0.795,1.335
sst,panarctic,2004-10-08,2004-10-19,0.613,0.78,1.312
sst,panarctic,2004-10-08,2004-10-20,0.605,0.77,1.305
sst,panarctic,2004-10-08,2004-10-21,0.597,0.76,1.3
sst,panarctic,2004-10-08,2004-10-22,0.582,0.748,1.291
sst,panarctic,2011-11-04,2011-11-05,0.504,0.673,1.104
sst,panarctic,2011-11-04,2011-11-06,0.504,0.665,1.089
sst,panarctic,2011-11-04,2011-11-07,0.484,0.65,1.084
sst,panarctic,2011-11-04,2011-11-08,0.523,0.681,1.087
sst,panarctic,2011-11-04,2011-11-09,0.53,0.677,1.066
sst,panarctic,2011-11-04,2011-11-10,0.5,0.648,1.036
sst,panarctic,2011-11-04,2011-11-11,0.498,0.644,1.025
sst,panarctic,2011-11-04,2011-11-12,0.481,0.631,1.009
sst,panarctic,2011-11-04,2011-11-13,0.477,0.634,0.997
sst,panarctic,2011-11-04,2011-11-14,0.488,0.643,1.001
sst,panarctic,2011-11-04,2011-11-15,0.484,0.639,1.011
sst,panarctic,2011-11-04,2011-11-16,0.472,0.624,0.987
sst,panarctic,2011-11-04,2011-11-17,0.476,0.631,0.986
sst,panarctic,2011-11-04,2011-11-18,0.47,0.623,0.968
sst,panarctic,2011-11-06,2011-11-07,0.497,0.658,1.132
sst,panarctic,2011-11-06,2011-11-08,0.529,0.689,1.124
sst,panarctic,2011-11-06,2011-11-09,0.533,0.685,1.102
sst,panarctic,2011-11-06,2011-11-10,0.495,0.658,1.085
sst,panarctic,2011-11-06,2011-11-11,0.495,0.652,1.078
sst,panarctic,2011-11-06,2011-11-12,0.477,0.638,1.058
sst,panarctic,2011-11-06,2011-11-13,0.482,0.64,1.056
sst,panarctic,2011-11-06,2011-11-14,0.498,0.649,1.048
sst,panarctic,2011-11-06,2011-11-15,0.495,0.641,1.051
sst,panarctic,2011-11-06,2011-11-16,0.48,0.626,1.028
sst,panarctic,2011-11-06,2011-11-17,0.486,0.633,1.023
sst,panarctic,2011-11-06,2011-11-18,0.477,0.628,0.998
sst,panarctic,2011-11-06,2011-11-19,0.462,0.616,0.98
sst,panarctic,2011-11-06,2011-11-20,0.463,0.623,0.964
t2m,alaska,2004-10-06,2004-10-07,2.061,3.167,7.156
t2m,alaska,2004-10-06,2004-10-08,2.362,3.426,7.331
t2m,alaska,2004-10-06,2004-10-09,2.344,3.372,7.099
t2m,alaska,2004-10-06,2004-10-10,2.321,3.41,6.743
t2m,alaska,2004-10-06,2004-10-11,2.241,3.26,6.423
t2m,alaska,2004-10-06,2004-10-12,2.632,3.687,6.443
t2m,alaska,2004-10-06,2004-10-13,2.78,3.899,6.783
t2m,alaska,2004-10-06,2004-10-14,2.728,3.749,6.919
t2m,alaska,2004-10-06,2004-10-15,3.087,4.475,8.368
t2m,alaska,2004-10-06,2004-10-16,2.996,4.363,8.071
t2m,alaska,2004-10-06,2004-10-17,3.442,4.829,8.393
t2m,alaska,2004-10-06,2004-10-18,3.913,5.261,7.782
t2m,alaska,2004-10-06,2004-10-19,4.16,5.584,8.182
t2m,alaska,2004-10-06,2004-10-20,3.353,4.77,8.657
t2m,alaska,2004-10-08,2004-10-09,2.263,3.422,7.328
t2m,alaska,2004-10-08,2004-10-10,2.375,3.437,6.907
t2m,alaska,2004-10-08,2004-10-11,2.296,3.256,6.406
t2m,alaska,2004-10-08,2004-10-12,2.669,3.674,6.574
t2m,alaska,2004-10-08,2004-10-13,2.795,3.902,7.094
t2m,alaska,2004-10-08,2004-10-14,2.765,3.749,7.074
t2m,alaska,2004-10-08,2004-10-15,3.067,4.491,8.483
t2m,alaska,2004-10-08,2004-10-16,2.946,4.393,8.367
t2m,alaska,2004-10-08,2004-10-17,3.382,4.864,8.577
t2m,alaska,2004-10-08,2004-10-18,3.819,5.316,8.07
t2m,alaska,2004-10-08,2004-10-19,4.027,5.597,8.303
t2m,alaska,2004-10-08,2004-10-20,3.302,4.776,8.859
t2m,alaska,2004-10-08,2004-10-21,2.983,4.358,8.323
t2m,alaska,2004-10-08,2004-10-22,2.823,4.011,8.013
t2m,alaska,2011-11-04,2011-11-05,2.92,3.827,6.518
t2m,alaska,2011-11-04,2011-11-06,2.995,4.012,6.966
t2m,alaska,2011-11-04,2011-11-07,2.936,3.985,6.816
t2m,alaska,2011-11-04,2011-11-08,3.83,5.066,7.489
t2m,alaska,2011-11-04,2011-11-09,3.861,5.155,7.474
t2m,alaska,2011-11-04,2011-11-10,3.431,4.55,7.496
t2m,alaska,2011-11-04,2011-11-11,3.439,4.365,7.434
t2m,alaska,2011-11-04,2011-11-12,3.184,4.195,6.544
t2m,alaska,2011-11-04,2011-11-13,3.341,4.352,6.738
t2m,alaska,2011-11-04,2011-11-14,3.812,5.366,8.098
t2m,alaska,2011-11-04,2011-11-15,4.665,6.68,9.611
t2m,alaska,2011-11-04,2011-11-16,5.278,7.289,10.217
t2m,alaska,2011-11-04,2011-11-17,5.377,7.318,10.386
t2m,alaska,2011-11-04,2011-11-18,5.461,7.524,10.414
t2m,alaska,2011-11-06,2011-11-07,2.934,4.066,6.874
t2m,alaska,2011-11-06,2011-11-08,3.855,5.105,7.61
t2m,alaska,2011-11-06,2011-11-09,3.939,5.151,7.489
t2m,alaska,2011-11-06,2011-11-10,3.35,4.525,7.317
t2m,alaska,2011-11-06,2011-11-11,3.358,4.34,7.248
t2m,alaska,2011-11-06,2011-11-12,3.137,4.218,6.69
t2m,alaska,2011-11-06,2011-11-13,3.356,4.353,6.805
t2m,alaska,2011-11-06,2011-11-14,3.845,5.331,7.989
t2m,alaska,2011-11-06,2011-11-15,4.728,6.649,9.638
t2m,alaska,2011-11-06,2011-11-16,5.156,7.297,10.322
t2m,alaska,2011-11-06,2011-11-17,5.157,7.382,10.441
t2m,alaska,2011-11-06,2011-11-18,5.274,7.633,10.621
t2m,alaska,2011-11-06,2011-11-19,5.86,8.251,11.158
t2m,alaska,2011-11-06,2011-11-20,5.401,8.001,10.945
t2m,north_pacific,2004-10-06,2004-10-07,2.098,2.837,5.631
t2m,north_pacific,2004-10-06,2004-10-08,2.234,2.972,5.741
t2m,north_pacific,2004-10-06,2004-10-09,2.37,3.131,5.778
t2m,north_pacific,2004-10-06,2004-10-10,2.413,3.188,5.767
t2m,north_pacific,2004-10-06,2004-10-11,2.277,3.022,5.731
t2m,north_pacific,2004-10-06,2004-10-12,2.262,2.983,5.732
t2m,north_pacific,2004-10-06,2004-10-13,2.419,3.147,5.876
t2m,north_pacific,2004-10-06,2004-10-14,2.637,3.431,6.518
t2m,north_pacific,2004-10-06,2004-10-15,2.771,3.619,6.549
t2m,north_pacific,2004-10-06,2004-10-16,2.927,3.779,6.467
t2m,north_pacific,2004-10-06,2004-10-17,3.028,3.962,7.093
t2m,north_pacific,2004-10-06,2004-10-18,3.259,4.179,7.426
t2m,north_pacific,2004-10-06,2004-10-19,3.209,4.187,7.143
t2m,north_pacific,2004-10-06,2004-10-20,2.801,3.75,6.773
t2m,north_pacific,2004-10-08,2004-10-09,2.407,3.12,6.093
t2m,north_pacific,2004-10-08,2004-10-10,2.472,3.19,6.107
t2m,north_pacific,2004-10-08,2004-10-11,2.324,3.017,5.954
t2m,north_pacific,2004-10-08,2004-10-12,2.281,3.001,5.863
t2m,north_pacific,2004-10-08,2004-10-13,2.429,3.166,6.184
t2m,north_pacific,2004-10-08,2004-10-14,2.633,3.395,6.738
t2m,north_pacific,2004-10-08,2004-10-15,2.773,3.574,6.742
t2m,north_pacific,2004-10-08,2004-10-16,2.959,3.732,6.705
t2m,north_pacific,2004-10-08,2004-10-17,3.069,3.904,7.348
t2m,north_pacific,2004-10-08,2004-10-18,3.199,4.105,7.523
t2m,north_pacific,2004-10-08,2004-10-19,3.23,4.134,7.371
t2m,north_pacific,2004-10-08,2004-10-20,2.825,3.703,6.859
t2m,north_pacific,2004-10-08,2004-10-21,2.984,3.85,6.414
t2m,north_pacific,2004-10-08,2004-10-22,2.855,3.706,6.169
t2m,north_pacific,2011-11-04,2011-11-05,3.17,4.017,6.261
t2m,north_pacific,2011-11-04,2011-11-06,3.231,4.066,6.703
t2m,north_pacific,2011-11-04,2011-11-07,2.942,3.821,6.393
t2m,north_pacific,2011-11-04,2011-11-08,3.444,4.251,6.447
t2m,north_pacific,2011-11-04,2011-11-09,3.652,4.382,6.397
t2m,north_pacific,2011-11-04,2011-11-10,3.496,4.206,6.121
t2m,north_pacific,2011-11-04,2011-11-11,3.339,3.965,5.871
t2m,north_pacific,2011-11-04,2011-11-12,3.27,3.919,5.801
t2m,north_pacific,2011-11-04,2011-11-13,3.203,3.921,5.791
t2m,north_pacific,2011-11-04,2011-11-14,3.129,3.906,6.021
t2m,north_pacific,2011-11-04,2011-11-15,3.221,4.065,6.447
t2m,north_pacific,2011-11-04,2011-11-16,3.402,4.278,6.719
t2m,north_pacific,2011-11-04,2011-11-17,3.643,4.493,6.293
t2m,north_pacific,2011-11-04,2011-11-18,3.85,4.795,6.453
t2m,north_pacific,2011-11-06,2011-11-07,2.962,3.895,6.307
t2m,north_pacific,2011-11-06,2011-11-08,3.488,4.323,6.381
t2m,north_pacific,2011-11-06,2011-11-09,3.673,4.436,6.362
t2m,north_pacific,2011-11-06,2011-11-10,3.52,4.254,6.13
t2m,north_pacific,2011-11-06,2011-11-11,3.289,3.993,6.034
t2m,north_pacific,2011-11-06,2011-11-12,3.282,3.957,6.01
t2m,north_pacific,2011-11-06,2011-11-13,3.212,3.93,5.899
t2m,north_pacific,2011-11-06,2011-11-14,3.143,3.939,6.11
t2m,north_pacific,2011-11-06,2011-11-15,3.208,4.073,6.508
t2m,north_pacific,2011-11-06,2011-11-16,3.374,4.281,6.804
t2m,north_pacific,2011-11-06,2011-11-17,3.633,4.488,6.308
t2m,north_pacific,2011-11-06,2011-11-18,3.879,4.776,6.53
t2m,north_pacific,2011-11-06,2011-11-19,4.056,4.987,6.746
t2m,north_pacific,2011-11-06,2011-11-20,3.937,4.951,6.997
t2m,northern_hs,2004-10-06,2004-10-07,2.773,3.437,6.171
t2m,northern_hs,2004-10-06,2004-10-08,2.825,3.455,6.208
t2m,northern_hs,2004-10-06,2004-10-09,2.831,3.46,6.367
t2m,northern_hs,2004-10-06,2004-10-10,2.715,3.348,6.367
t2m,northern_hs,2004-10-06,2004-10-11,2.814,3.424,6.254
t2m,northern_hs,2004-10-06,2004-10-12,2.966,3.604,6.37
t2m,northern_hs,2004-10-06,2004-10-13,2.993,3.631,6.202
t2m,northern_hs,2004-10-06,2004-10-14,3.205,3.782,6.339
t2m,northern_hs,2004-10-06,2004-10-15,3.076,3.712,6.33
t2m,northern_hs,2004-10-06,2004-10-16,3.145,3.759,6.275
t2m,northern_hs,2004-10-06,2004-10-17,3.265,3.869,6.438
t2m,northern_hs,2004-10-06,2004-10-18,3.395,4.026,6.734
t2m,northern_hs,2004-10-06,2004-10-19,3.623,4.294,6.921
t2m,northern_hs,2004-10-06,2004-10-20,3.615,4.257,6.879
t2m,northern_hs,2004-10-08,2004-10-09,2.844,3.464,6.257
t2m,northern_hs,2004-10-08,2004-10-10,2.705,3.358,6.202
t2m,northern_hs,2004-10-08,2004-10-11,2.78,3.442,6.136
t2m,northern_hs,2004-10-08,2004-10-12,2.953,3.583,6.264
t2m,northern_hs,2004-10-08,2004-10-13,2.987,3.627,6.191
t2m,northern_hs,2004-10-08,2004-10-14,3.234,3.778,6.32
t2m,northern_hs,2004-10-08,2004-10-15,3.12,3.724,6.295
t2m,northern_hs,2004-10-08,2004-10-16,3.155,3.764,6.37
t2m,northern_hs,2004-10-08,2004-10-17,3.272,3.899,6.442
t2m,northern_hs,2004-10-08,2004-10-18,3.398,4.078,6.644
t2m,northern_hs,2004-10-08,2004-10-19,3.656,4.343,6.866
t2m,northern_hs,2004-10-08,2004-10-20,3.591,4.309,6.832
t2m,northern_hs,2004-10-08,2004-10-21,3.485,4.192,6.676
t2m,northern_hs,2004-10-08,2004-10-22,3.332,4.01,6.53
t2m,northern_hs,2011-11-04,2011-11-05,4.119,4.804,6.702
t2m,northern_hs,2011-11-04,2011-11-06,4.325,5.016,7.02
t2m,northern_hs,2011-11-04,2011-11-07,4.29,4.98,6.838
t2m,northern_hs,2011-11-04,2011-11-08,4.246,4.925,6.738
t2m,northern_hs,2011-11-04,2011-11-09,4.02,4.675,6.608
t2m,northern_hs,2011-11-04,2011-11-10,3.914,4.559,6.51
t2m,northern_hs,2011-11-04,2011-11-11,3.749,4.356,6.239
t2m,northern_hs,2011-11-04,2011-11-12,3.529,4.141,6.098
t2m,northern_hs,2011-11-04,2011-11-13,3.702,4.293,6.127
t2m,northern_hs,2011-11-04,2011-11-14,3.809,4.388,6.123
t2m,northern_hs,2011-11-04,2011-11-15,3.774,4.417,6.213
t2m,northern_hs,2011-11-04,2011-11-16,3.931,4.588,6.387
t2m,northern_hs,2011-11-04,2011-11-17,4.016,4.661,6.316
t2m,northern_hs,2011-11-04,2011-11-18,4.09,4.787,6.443
t2m,northern_hs,2011-11-06,2011-11-07,4.296,5.0,6.973
t2m,northern_hs,2011-11-06,2011-11-08,4.305,4.945,6.879
t2m,northern_hs,2011-11-06,2011-11-09,4.068,4.701,6.751
t2m,northern_hs,2011-11-06,2011-11-10,3.945,4.59,6.639
t2m,northern_hs,2011-11-06,2011-11-11,3.785,4.374,6.261
t2m,northern_hs,2011-11-06,2011-11-12,3.544,4.164,6.087
t2m,northern_hs,2011-11-06,2011-11-13,3.714,4.309,6.155
t2m,northern_hs,2011-11-06,2011-11-14,3.782,4.405,6.188
t2m,northern_hs,2011-11-06,2011-11-15,3.735,4.432,6.307
t2m,northern_hs,2011-11-06,2011-11-16,3.959,4.602,6.439
t2m,northern_hs,2011-11-06,2011-11-17,4.015,4.676,6.405
t2m,northern_hs,2011-11-06,2011-11-18,4.129,4.815,6.518
t2m,northern_hs,2011-11-06,2011-11-19,4.244,4.955,6.654
t2m,northern_hs,2011-11-06,2011-11-20,4.218,4.882,6.702
t2m,panarctic,2004-10-06,2004-10-07,3.215,4.338,8.31
t2m,panarctic,2004-10-06,2004-10-08,3.195,4.316,8.177
t2m,panarctic,2004-10-06,2004-10-09,3.172,4.309,8.173
t2m,panarctic,2004-10-06,2004-10-10,3.236,4.345,8.312
t2m,panarctic,2004-10-06,2004-10-11,3.407,4.457,8.326
t2m,panarctic,2004-10-06,2004-10-12,3.474,4.594,8.308
t2m,panarctic,2004-10-06,2004-10-13,3.446,4.517,8.169
t2m,panarctic,2004-10-06,2004-10-14,3.513,4.505,8.259
t2m,panarctic,2004-10-06,2004-10-15,3.806,4.875,8.459
t2m,panarctic,2004-10-06,2004-10-16,3.923,4.997,8.436
t2m,panarctic,2004-10-06,2004-10-17,4.206,5.19,8.725
t2m,panarctic,2004-10-06,2004-10-18,4.425,5.482,9.014
t2m,panarctic,2004-10-06,2004-10-19,4.847,6.021,9.201
t2m,panarctic,2004-10-06,2004-10-20,4.776,5.972,9.129
t2m,panarctic,2004-10-08,2004-10-09,3.18,4.189,8.135
t2m,panarctic,2004-10-08,2004-10-10,3.252,4.223,8.129
t2m,panarctic,2004-10-08,2004-10-11,3.425,4.361,8.172
t2m,panarctic,2004-10-08,2004-10-12,3.512,4.492,8.294
t2m,panarctic,2004-10-08,2004-10-13,3.462,4.427,8.151
t2m,panarctic,2004-10-08,2004-10-14,3.492,4.433,8.109
t2m,panarctic,2004-10-08,2004-10-15,3.816,4.83,8.42
t2m,panarctic,2004-10-08,2004-10-16,3.95,4.925,8.399
t2m,panarctic,2004-10-08,2004-10-17,4.168,5.123,8.527
t2m,panarctic,2004-10-08,2004-10-18,4.437,5.41,8.791
t2m,panarctic,2004-10-08,2004-10-19,4.82,5.909,9.108
t2m,panarctic,2004-10-08,2004-10-20,4.769,5.892,9.005
t2m,panarctic,2004-10-08,2004-10-21,4.602,5.693,8.82
t2m,panarctic,2004-10-08,2004-10-22,4.266,5.287,8.577
t2m,panarctic,2011-11-04,2011-11-05,5.745,6.729,9.297
t2m,panarctic,2011-11-04,2011-11-06,5.76,6.85,9.637
t2m,panarctic,2011-11-04,2011-11-07,5.444,6.597,9.0
t2m,panarctic,2011-11-04,2011-11-08,5.359,6.466,8.893
t2m,panarctic,2011-11-04,2011-11-09,5.142,6.108,8.729
t2m,panarctic,2011-11-04,2011-11-10,5.016,6.022,8.857
t2m,panarctic,2011-11-04,2011-11-11,4.876,5.758,8.123
t2m,panarctic,2011-11-04,2011-11-12,4.588,5.482,8.099
t2m,panarctic,2011-11-04,2011-11-13,4.886,5.709,8.123
t2m,panarctic,2011-11-04,2011-11-14,4.765,5.625,7.974
t2m,panarctic,2011-11-04,2011-11-15,4.884,5.813,8.169
t2m,panarctic,2011-11-04,2011-11-16,5.184,6.211,8.45
t2m,panarctic,2011-11-04,2011-11-17,5.322,6.344,8.524
t2m,panarctic,2011-11-04,2011-11-18,5.52,6.492,8.755
t2m,panarctic,2011-11-06,2011-11-07,5.47,6.583,9.234
t2m,panarctic,2011-11-06,2011-11-08,5.405,6.42,8.929
t2m,panarctic,2011-11-06,2011-11-09,5.171,6.073,8.799
t2m,panarctic,2011-11-06,2011-11-10,5.003,5.992,8.874
t2m,panarctic,2011-11-06,2011-11-11,4.856,5.698,8.118
t2m,panarctic,2011-11-06,2011-11-12,4.573,5.434,7.92
t2m,panarctic,2011-11-06,2011-11-13,4.89,5.657,7.945
t2m,panarctic,2011-11-06,2011-11-14,4.754,5.582,7.94
t2m,panarctic,2011-11-06,2011-11-15,4.922,5.792,8.212
t2m,panarctic,2011-11-06,2011-11-16,5.195,6.182,8.527
t2m,panarctic,2011-11-06,2011-11-17,5.283,6.296,8.429
t2m,panarctic,2011-11-06,2011-11-18,5.467,6.509,8.526
t2m,panarctic,2011-11-06,2011-11-19,5.542,6.625,8.712
t2m,panarctic,2011-11-06,2011-11-20,5.355,6.381,8.683
z,alaska,2004-10-06,2004-10-07,738.765,1140.211,1700.761
z,alaska,2004-10-06,2004-10-08,853.452,1195.659,1753.029
z,alaska,2004-10-06,2004-10-09,683.376,1171.823,1965.209
z,alaska,2004-10-06,2004-10-10,790.017,1258.461,1999.933
z,alaska,2004-10-06,2004-10-11,890.028,1339.726,1909.398
z,alaska,2004-10-06,2004-10-12,953.138,1416.725,1947.175
z,alaska,2004-10-06,2004-10-13,827.927,1211.725,1816.539
z,alaska,2004-10-06,2004-10-14,913.541,1525.317,2361.484
z,alaska,2004-10-06,2004-10-15,955.229,1538.126,2365.897
z,alaska,2004-10-06,2004-10-16,959.231,1484.502,2170.5
z,alaska,2004-10-06,2004-10-17,1033.948,1515.33,2131.125
z,alaska,2004-10-06,2004-10-18,1186.603,1620.138,2195.985
z,alaska,2004-10-06,2004-10-19,1448.161,1796.869,2173.791
z,alaska,2004-10-06,2004-10-20,1036.731,1466.851,1885.413
z,alaska,2004-10-08,2004-10-09,704.836,1150.973,1914.325
z,alaska,2004-10-08,2004-10-10,784.871,1275.899,1981.393
z,alaska,2004-10-08,2004-10-11,913.135,1353.211,1916.087
z,alaska,2004-10-08,2004-10-12,1005.824,1420.084,1951.421
z,alaska,2004-10-08,2004-10-13,842.689,1238.182,1815.021
z,alaska,2004-10-08,2004-10-14,896.909,1545.152,2415.071
z,alaska,2004-10-08,2004-10-15,927.939,1551.68,2410.707
z,alaska,2004-10-08,2004-10-16,940.013,1504.291,2248.377
z,alaska,2004-10-08,2004-10-17,995.045,1523.324,2234.935
z,alaska,2004-10-08,2004-10-18,1142.487,1631.419,2239.581
z,alaska,2004-10-08,2004-10-19,1470.088,1798.196,2195.149
z,alaska,2004-10-08,2004-10-20,1085.826,1460.561,1952.92
z,alaska,2004-10-08,2004-10-21,930.699,1347.478,1832.186
z,alaska,2004-10-08,2004-10-22,1018.3,1510.903,1979.526
z,alaska,2011-11-04,2011-11-05,1075.279,1558.217,2099.397
z,alaska,2011-11-04,2011-11-06,1123.693,1630.681,2287.774
z,alaska,2011-11-04,2011-11-07,848.393,1378.023,2109.297
z,alaska,2011-11-04,2011-11-08,818.801,1248.889,1737.282
z,alaska,2011-11-04,2011-11-09,1168.935,1555.716,1972.418
z,alaska,2011-11-04,2011-11-10,1254.025,1740.029,2211.319
z,alaska,2011-11-04,2011-11-11,1096.672,1539.684,1977.309
z,alaska,2011-11-04,2011-11-12,1442.426,1964.332,2590.417
z,alaska,2011-11-04,2011-11-13,1515.109,2023.933,2642.947
z,alaska,2011-11-04,2011-11-14,1209.876,1697.479,2255.33
z,alaska,2011-11-04,2011-11-15,1054.561,1490.44,2002.243
z,alaska,2011-11-04,2011-11-16,1118.852,1589.234,2064.594
z,alaska,2011-11-04,2011-11-17,1309.226,1786.34,2312.274
z,alaska,2011-11-04,2011-11-18,1076.603,1572.552,2136.153
z,alaska,2011-11-06,2011-11-07,870.482,1420.181,2132.948
z,alaska,2011-11-06,2011-11-08,807.035,1236.148,1770.255
z,alaska,2011-11-06,2011-11-09,1176.46,1567.822,1998.119
z,alaska,2011-11-06,2011-11-10,1266.281,1756.254,2303.89
z,alaska,2011-11-06,2011-11-11,1111.037,1538.026,1990.934
z,alaska,2011-11-06,2011-11-12,1445.622,1970.83,2652.986
z,alaska,2011-11-06,2011-11-13,1529.618,2015.98,2673.951
z,alaska,2011-11-06,2011-11-14,1185.814,1689.365,2290.596
z,alaska,2011-11-06,2011-11-15,1003.705,1483.738,2008.248
z,alaska,2011-11-06,2011-11-16,1067.576,1582.915,2081.039
z,alaska,2011-11-06,2011-11-17,1259.871,1780.174,2334.888
z,alaska,2011-11-06,2011-11-18,1067.708,1564.719,2144.424
z,alaska,2011-11-06,2011-11-19,1050.226,1477.755,1933.885
z,alaska,2011-11-06,2011-11-20,1005.268,1500.772,2165.432
z,north_pacific,2004-10-06,2004-10-07,623.573,830.547,1152.797
z,north_pacific,2004-10-06,2004-10-08,701.525,917.591,1214.901
z,north_pacific,2004-10-06,2004-10-09,700.763,917.023,1200.466
z,north_pacific,2004-10-06,2004-10-10,706.197,922.227,1192.105
z,north_pacific,2004-10-06,2004-10-11,716.543,928.542,1206.668
z,north_pacific,2004-10-06,2004-10-12,762.465,965.161,1246.834
z,north_pacific,2004-10-06,2004-10-13,806.28,988.448,1256.64
z,north_pacific,2004-10-06,2004-10-14,927.352,1137.262,1388.977
z,north_pacific,2004-10-06,2004-10-15,891.545,1094.967,1386.996
z,north_pacific,2004-10-06,2004-10-16,854.456,1056.3,1352.25
z,north_pacific,2004-10-06,2004-10-17,902.053,1098.352,1379.341
z,north_pacific,2004-10-06,2004-10-18,889.811,1085.905,1355.354
z,north_pacific,2004-10-06,2004-10-19,930.431,1129.689,1395.195
z,north_pacific,2004-10-06,2004-10-20,785.442,982.439,1266.427
z,north_pacific,2004-10-08,2004-10-09,704.065,918.27,1240.512
z,north_pacific,2004-10-08,2004-10-10,717.923,923.467,1221.949
z,north_pacific,2004-10-08,2004-10-11,743.03,935.003,1212.056
z,north_pacific,2004-10-08,2004-10-12,758.309,970.209,1255.418
z,north_pacific,2004-10-08,2004-10-13,793.956,997.513,1247.929
z,north_pacific,2004-10-08,2004-10-14,929.293,1139.432,1374.737
z,north_pacific,2004-10-08,2004-10-15,881.868,1090.828,1347.453
z,north_pacific,2004-10-08,2004-10-16,843.746,1057.084,1313.796
z,north_pacific,2004-10-08,2004-10-17,891.162,1101.408,1359.12
z,north_pacific,2004-10-08,2004-10-18,879.075,1100.359,1337.961
z,north_pacific,2004-10-08,2004-10-19,919.866,1140.447,1381.159
z,north_pacific,2004-10-08,2004-10-20,787.526,984.828,1237.85
z,north_pacific,2004-10-08,2004-10-21,721.369,916.844,1182.795
z,north_pacific,2004-10-08,2004-10-22,742.83,962.559,1224.8
z,north_pacific,2011-11-04,2011-11-05,1084.056,1443.586,1835.186
z,north_pacific,2011-11-04,2011-11-06,1111.536,1493.956,1919.921
z,north_pacific,2011-11-04,2011-11-07,974.814,1353.33,1771.693
z,north_pacific,2011-11-04,2011-11-08,910.541,1222.5,1604.125
z,north_pacific,2011-11-04,2011-11-09,1074.027,1368.391,1727.098
z,north_pacific,2011-11-04,2011-11-10,1027.497,1311.039,1652.558
z,north_pacific,2011-11-04,2011-11-11,933.572,1179.617,1452.97
z,north_pacific,2011-11-04,2011-11-12,938.77,1202.058,1490.186
z,north_pacific,2011-11-04,2011-11-13,873.928,1135.48,1417.537
z,north_pacific,2011-11-04,2011-11-14,761.732,994.884,1274.544
z,north_pacific,2011-11-04,2011-11-15,741.702,958.006,1220.911
z,north_pacific,2011-11-04,2011-11-16,832.121,1042.926,1284.708
z,north_pacific,2011-11-04,2011-11-17,978.481,1171.798,1402.454
z,north_pacific,2011-11-04,2011-11-18,933.33,1141.623,1386.96
z,north_pacific,2011-11-06,2011-11-07,992.068,1361.807,1778.833
z,north_pacific,2011-11-06,2011-11-08,923.99,1236.121,1601.758
z,north_pacific,2011-11-06,2011-11-09,1070.728,1383.077,1719.735
z,north_pacific,2011-11-06,2011-11-10,1027.949,1315.538,1655.524
z,north_pacific,2011-11-06,2011-11-11,940.973,1172.12,1466.138
z,north_pacific,2011-11-06,2011-11-12,943.14,1190.182,1507.928
z,north_pacific,2011-11-06,2011-11-13,862.139,1129.441,1430.669
z,north_pacific,2011-11-06,2011-11-14,759.846,989.781,1289.319
z,north_pacific,2011-11-06,2011-11-15,742.972,956.688,1235.143
z,north_pacific,2011-11-06,2011-11-16,829.545,1047.608,1311.738
z,north_pacific,2011-11-06,2011-11-17,976.572,1172.417,1408.927
z,north_pacific,2011-11-06,2011-11-18,931.977,1144.855,1397.16
z,north_pacific,2011-11-06,2011-11-19,919.47,1126.123,1381.61
z,north_pacific,2011-11-06,2011-11-20,932.029,1160.901,1430.197
z,northern_hs,2004-10-06,2004-10-07,711.281,855.796,1096.905
z,northern_hs,2004-10-06,2004-10-08,722.117,867.488,1104.982
z,northern_hs,2004-10-06,2004-10-09,708.019,846.563,1070.739
z,northern_hs,2004-10-06,2004-10-10,718.871,843.304,1080.641
z,northern_hs,2004-10-06,2004-10-11,750.869,874.087,1110.96
z,northern_hs,2004-10-06,2004-10-12,765.137,885.609,1120.573
z,northern_hs,2004-10-06,2004-10-13,779.461,919.603,1151.471
z,northern_hs,2004-10-06,2004-10-14,844.641,991.407,1193.015
z,northern_hs,2004-10-06,2004-10-15,885.764,1031.777,1244.2
z,northern_hs,2004-10-06,2004-10-16,876.166,1021.92,1245.16
z,northern_hs,2004-10-06,2004-10-17,889.778,1046.772,1289.662
z,northern_hs,2004-10-06,2004-10-18,931.09,1113.095,1392.553
z,northern_hs,2004-10-06,2004-10-19,935.087,1124.38,1393.811
z,northern_hs,2004-10-06,2004-10-20,847.089,1021.964,1292.952
z,northern_hs,2004-10-08,2004-10-09,709.856,848.537,1056.818
z,northern_hs,2004-10-08,2004-10-10,714.62,843.495,1044.138
z,northern_hs,2004-10-08,2004-10-11,747.263,873.122,1066.216
z,northern_hs,2004-10-08,2004-10-12,764.593,886.247,1088.783
z,northern_hs,2004-10-08,2004-10-13,783.624,917.822,1134.025
z,northern_hs,2004-10-08,2004-10-14,840.998,988.297,1173.961
z,northern_hs,2004-10-08,2004-10-15,886.791,1030.984,1210.248
z,northern_hs,2004-10-08,2004-10-16,873.389,1012.912,1206.969
z,northern_hs,2004-10-08,2004-10-17,878.649,1048.955,1251.705
z,northern_hs,2004-10-08,2004-10-18,927.026,1104.634,1334.347
z,northern_hs,2004-10-08,2004-10-19,936.222,1119.355,1360.411
z,northern_hs,2004-10-08,2004-10-20,857.597,1021.935,1246.272
z,northern_hs,2004-10-08,2004-10-21,801.386,945.869,1132.344
z,northern_hs,2004-10-08,2004-10-22,768.964,912.471,1106.92
z,northern_hs,2011-11-04,2011-11-05,1036.546,1258.585,1538.666
z,northern_hs,2011-11-04,2011-11-06,1078.896,1310.259,1578.425
z,northern_hs,2011-11-04,2011-11-07,998.253,1203.769,1471.256
z,northern_hs,2011-11-04,2011-11-08,948.525,1128.622,1376.637
z,northern_hs,2011-11-04,2011-11-09,1001.66,1194.393,1436.794
z,northern_hs,2011-11-04,2011-11-10,973.238,1157.418,1375.505
z,northern_hs,2011-11-04,2011-11-11,959.664,1125.437,1305.024
z,northern_hs,2011-11-04,2011-11-12,969.992,1146.156,1333.845
z,northern_hs,2011-11-04,2011-11-13,981.561,1166.604,1378.456
z,northern_hs,2011-11-04,2011-11-14,913.934,1093.432,1307.71
z,northern_hs,2011-11-04,2011-11-15,856.034,1018.829,1209.346
z,northern_hs,2011-11-04,2011-11-16,868.208,1022.926,1201.888
z,northern_hs,2011-11-04,2011-11-17,938.006,1086.705,1254.71
z,northern_hs,2011-11-04,2011-11-18,923.89,1076.859,1251.324
z,northern_hs,2011-11-06,2011-11-07,1004.876,1207.043,1459.1
z,northern_hs,2011-11-06,2011-11-08,957.611,1136.062,1351.495
z,northern_hs,2011-11-06,2011-11-09,1012.003,1196.391,1428.341
z,northern_hs,2011-11-06,2011-11-10,979.73,1155.491,1374.045
z,northern_hs,2011-11-06,2011-11-11,968.649,1125.47,1300.687
z,northern_hs,2011-11-06,2011-11-12,986.741,1146.005,1327.115
z,northern_hs,2011-11-06,2011-11-13,992.509,1164.83,1392.48
z,northern_hs,2011-11-06,2011-11-14,914.904,1092.773,1316.566
z,northern_hs,2011-11-06,2011-11-15,844.707,1019.414,1221.034
z,northern_hs,2011-11-06,2011-11-16,848.815,1017.363,1200.104
z,northern_hs,2011-11-06,2011-11-17,941.678,1081.323,1249.542
z,northern_hs,2011-11-06,2011-11-18,925.051,1078.756,1239.986
z,northern_hs,2011-11-06,2011-11-19,914.448,1068.297,1249.086
z,northern_hs,2011-11-06,2011-11-20,889.956,1070.648,1250.484
z,panarctic,2004-10-06,2004-10-07,811.694,1075.863,1466.265
z,panarctic,2004-10-06,2004-10-08,827.325,1088.783,1478.498
z,panarctic,2004-10-06,2004-10-09,843.279,1080.326,1451.715
z,panarctic,2004-10-06,2004-10-10,793.668,1003.765,1367.306
z,panarctic,2004-10-06,2004-10-11,796.126,986.537,1337.806
z,panarctic,2004-10-06,2004-10-12,809.039,1007.046,1353.884
z,panarctic,2004-10-06,2004-10-13,818.313,1047.227,1478.443
z,panarctic,2004-10-06,2004-10-14,908.687,1142.241,1477.052
z,panarctic,2004-10-06,2004-10-15,965.529,1194.041,1509.408
z,panarctic,2004-10-06,2004-10-16,954.631,1175.956,1512.715
z,panarctic,2004-10-06,2004-10-17,996.464,1276.724,1641.324
z,panarctic,2004-10-06,2004-10-18,1159.762,1453.153,1828.051
z,panarctic,2004-10-06,2004-10-19,1194.185,1487.52,1856.443
z,panarctic,2004-10-06,2004-10-20,1062.703,1323.528,1693.151
z,panarctic,2004-10-08,2004-10-09,841.552,1089.526,1461.986
z,panarctic,2004-10-08,2004-10-10,794.984,1013.828,1384.427
z,panarctic,2004-10-08,2004-10-11,793.499,987.336,1365.426
z,panarctic,2004-10-08,2004-10-12,807.672,1006.909,1395.167
z,panarctic,2004-10-08,2004-10-13,830.978,1055.659,1513.539
z,panarctic,2004-10-08,2004-10-14,916.789,1149.76,1538.267
z,panarctic,2004-10-08,2004-10-15,970.798,1201.231,1550.558
z,panarctic,2004-10-08,2004-10-16,952.372,1183.152,1533.127
z,panarctic,2004-10-08,2004-10-17,1014.727,1273.346,1657.494
z,panarctic,2004-10-08,2004-10-18,1156.323,1442.942,1875.347
z,panarctic,2004-10-08,2004-10-19,1167.67,1478.716,1870.086
z,panarctic,2004-10-08,2004-10-20,1037.516,1310.784,1712.537
z,panarctic,2004-10-08,2004-10-21,930.943,1155.932,1506.453
z,panarctic,2004-10-08,2004-10-22,832.441,1051.488,1401.819
z,panarctic,2011-11-04,2011-11-05,1322.227,1694.433,2146.325
z,panarctic,2011-11-04,2011-11-06,1412.171,1798.376,2255.394
z,panarctic,2011-11-04,2011-11-07,1254.111,1606.595,2072.847
z,panarctic,2011-11-04,2011-11-08,1190.726,1471.452,1851.945
z,panarctic,2011-11-04,2011-11-09,1207.54,1552.961,1948.655
z,panarctic,2011-11-04,2011-11-10,1159.646,1488.502,1875.126
z,panarctic,2011-11-04,2011-11-11,1181.69,1446.124,1732.022
z,panarctic,2011-11-04,2011-11-12,1212.228,1491.014,1755.122
z,panarctic,2011-11-04,2011-11-13,1238.97,1537.396,1917.182
z,panarctic,2011-11-04,2011-11-14,1110.348,1425.266,1746.328
z,panarctic,2011-11-04,2011-11-15,1013.455,1306.188,1601.785
z,panarctic,2011-11-04,2011-11-16,1016.664,1267.714,1560.358
z,panarctic,2011-11-04,2011-11-17,1073.744,1314.86,1585.795
z,panarctic,2011-11-04,2011-11-18,1066.288,1304.254,1566.519
z,panarctic,2011-11-06,2011-11-07,1251.098,1594.211,2058.424
z,panarctic,2011-11-06,2011-11-08,1192.353,1466.273,1845.004
z,panarctic,2011-11-06,2011-11-09,1209.637,1544.903,1943.591
z,panarctic,2011-11-06,2011-11-10,1155.525,1495.501,1873.425
z,panarctic,2011-11-06,2011-11-11,1166.696,1440.618,1720.024
z,panarctic,2011-11-06,2011-11-12,1215.065,1485.476,1788.639
z,panarctic,2011-11-06,2011-11-13,1222.813,1522.29,1908.789
z,panarctic,2011-11-06,2011-11-14,1124.686,1422.48,1766.05
z,panarctic,2011-11-06,2011-11-15,1013.918,1312.042,1631.089
z,panarctic,2011-11-06,2011-11-16,1022.687,1282.783,1570.686
z,panarctic,2011-11-06,2011-11-17,1085.104,1328.897,1608.356
z,panarctic,2011-11-06,2011-11-18,1083.037,1314.669,1591.053
z,panarctic,2011-11-06,2011-11-19,1080.078,1314.302,1610.698
z,panarctic,2011-11-06,2011-11-20,1080.327,1356.488,1666.685
